,Asparagus,Broccoli,Cabbage,Guacamole,Muffin,Popcorn,Pomegranate
calories,86.84402294300071,34.0,53.90784981334918,121.6008930104757,296.0,500.0,83.0
protein,2.7159960240130365,2.82,2.7816371160290205,1.7573690537523614,6.9,9.0,1.67
fat,6.492981153141762,0.37,2.572663687640974,10.181782586295723,11.4,28.1,1.17
carbs,5.719020035664922,6.64,5.6010908071695145,8.746812639532886,41.4,58.1,18.7
fiber,1.880690251004669,2.6,1.4899065141597163,5.267834449596427,2.7,10.0,4.0
