,Muffin,Grapefruit,Pizza,Tart
calories,296.0,33.0,268.0,203.1598332181267
protein,6.9,0.69,10.36,4.096188623394152
fat,11.4,0.1,12.28,11.33241627535114
carbs,41.4,8.41,29.02,22.06143816949343
fiber,2.7,1.1,2.2,1.9109654331358217
