,Asparagus,Cabbage,Candy,Cucumber,Oyster,Pasta
calories,86.84402294300071,53.90784981334918,480.0,15.0,84.44650486249851,158.0
protein,2.7159960240130365,2.7816371160290205,4.2,0.65,9.232158139137788,5.8
fat,6.492981153141762,2.572663687640974,30.0,0.11,2.901210225400667,0.93
carbs,5.719020035664922,5.6010908071695145,63.9,3.63,4.960652076096745,30.86
fiber,1.880690251004669,1.4899065141597163,5.9,0.5,0.3197909391036974,1.8
