names,calories,protein,fat,carbs,fiber
Asparagus,86.84402294300071,2.7159960240130365,6.492981153141762,5.719020035664922,1.880690251004669
Cabbage,53.90784981334918,2.7816371160290205,2.572663687640974,5.6010908071695145,1.4899065141597163
Candy,480.0,4.2,30.0,63.9,5.9
Cucumber,15.0,0.65,0.11,3.63,0.5
Oyster,84.44650486249851,9.232158139137788,2.901210225400667,4.960652076096745,0.31979093910369744
Pasta,158.0,5.8,0.93,30.86,1.8
