,Asparagus,Broccoli,Pomegranate,Sandwich
calories,86.84402294300071,34.0,83.0,212.3552123552124
protein,2.7159960240130365,2.82,1.67,9.652509652509652
fat,6.492981153141762,0.37,1.17,10.424710424710424
carbs,5.719020035664922,6.64,18.7,20.07722007722008
fiber,1.880690251004669,2.6,4.0,1.1583011583011582
